{
	"IcoMoonType": "selection",
	"icons": [
		{
			"icon": {
				"paths": [
					"M1024 608l-192-192v-288h-128v160l-192-192-512 512v32h128v320h320v-192h128v192h320v-320h128z"
				],
				"attrs": [],
				"tags": [
					"home",
					"house"
				],
				"grid": 16
			},
			"attrs": [],
			"properties": {
				"id": 52,
				"order": 8,
				"prevSize": 32,
				"ligatures": "home3, house3",
				"name": "home3",
				"code": 58887
			},
			"setIdx": 0,
			"setId": 0,
			"iconIdx": 2
		},
		{
			"icon": {
				"paths": [
					"M0 1024h512v-1024h-512v1024zM320 128h128v128h-128v-128zM320 384h128v128h-128v-128zM320 640h128v128h-128v-128zM64 128h128v128h-128v-128zM64 384h128v128h-128v-128zM64 640h128v128h-128v-128zM576 320h448v64h-448zM576 1024h128v-256h192v256h128v-576h-448z"
				],
				"attrs": [],
				"tags": [
					"office",
					"buildings",
					"work"
				],
				"grid": 16
			},
			"attrs": [],
			"properties": {
				"order": 11,
				"id": 1739,
				"prevSize": 32,
				"ligatures": "office, buildings",
				"name": "office",
				"code": 58888
			},
			"setIdx": 0,
			"setId": 0,
			"iconIdx": 3
		},
		{
			"icon": {
				"paths": [
					"M704 640c-64 64-64 128-128 128s-128-64-192-128-128-128-128-192 64-64 128-128-128-256-192-256-192 192-192 192c0 128 131.5 387.5 256 512s384 256 512 256c0 0 192-128 192-192s-192-256-256-192z"
				],
				"attrs": [],
				"tags": [
					"phone",
					"telephone",
					"contact",
					"support",
					"call"
				],
				"grid": 16
			},
			"attrs": [],
			"properties": {
				"order": 6,
				"id": 1783,
				"prevSize": 32,
				"ligatures": "phone, telephone",
				"name": "phone",
				"code": 58884
			},
			"setIdx": 0,
			"setId": 0,
			"iconIdx": 66
		},
		{
			"icon": {
				"paths": [
					"M512 0c-176.732 0-320 143.268-320 320 0 320 320 704 320 704s320-384 320-704c0-176.732-143.27-320-320-320zM512 512c-106.040 0-192-85.96-192-192s85.96-192 192-192 192 85.96 192 192-85.96 192-192 192z"
				],
				"attrs": [],
				"tags": [
					"location",
					"map-marker",
					"pin"
				],
				"grid": 16
			},
			"attrs": [],
			"properties": {
				"id": 308,
				"order": 3,
				"prevSize": 32,
				"ligatures": "location, map-marker",
				"name": "location",
				"code": 58882
			},
			"setIdx": 0,
			"setId": 0,
			"iconIdx": 71
		},
		{
			"icon": {
				"paths": [
					"M658.744 749.256l-210.744-210.746v-282.51h128v229.49l173.256 173.254zM512 0c-282.77 0-512 229.23-512 512s229.23 512 512 512 512-229.23 512-512-229.23-512-512-512zM512 896c-212.078 0-384-171.922-384-384s171.922-384 384-384c212.078 0 384 171.922 384 384s-171.922 384-384 384z"
				],
				"attrs": [],
				"tags": [
					"clock",
					"time",
					"schedule"
				],
				"grid": 16
			},
			"attrs": [],
			"properties": {
				"id": 324,
				"order": 4,
				"prevSize": 32,
				"ligatures": "clock, time2",
				"name": "clock",
				"code": 58883
			},
			"setIdx": 0,
			"setId": 0,
			"iconIdx": 78
		},
		{
			"icon": {
				"paths": [
					"M736 0h-448c-52.8 0-96 43.2-96 96v832c0 52.8 43.2 96 96 96h448c52.8 0 96-43.2 96-96v-832c0-52.8-43.2-96-96-96zM384 48h256v32h-256v-32zM512 960c-35.346 0-64-28.654-64-64s28.654-64 64-64 64 28.654 64 64-28.654 64-64 64zM768 768h-512v-640h512v640z"
				],
				"attrs": [],
				"tags": [
					"mobile",
					"cell-phone",
					"handheld"
				],
				"grid": 16
			},
			"attrs": [],
			"properties": {
				"id": 358,
				"order": 5,
				"prevSize": 32,
				"ligatures": "mobile, cell-phone",
				"name": "mobile",
				"code": 58885
			},
			"setIdx": 0,
			"setId": 0,
			"iconIdx": 88
		},
		{
			"icon": {
				"paths": [
					"M768 770.612v-52.78c70.498-39.728 128-138.772 128-237.832 0-159.058 0-288-192-288s-192 128.942-192 288c0 99.060 57.502 198.104 128 237.832v52.78c-217.102 17.748-384 124.42-384 253.388h896c0-128.968-166.898-235.64-384-253.388z",
					"M327.196 795.328c55.31-36.15 124.080-63.636 199.788-80.414-15.054-17.784-28.708-37.622-40.492-59.020-30.414-55.234-46.492-116.058-46.492-175.894 0-86.042 0-167.31 30.6-233.762 29.706-64.504 83.128-104.496 159.222-119.488-16.914-76.48-61.94-126.75-181.822-126.75-192 0-192 128.942-192 288 0 99.060 57.502 198.104 128 237.832v52.78c-217.102 17.748-384 124.42-384 253.388h279.006c14.518-12.91 30.596-25.172 48.19-36.672z"
				],
				"width": 1152,
				"attrs": [],
				"tags": [
					"users",
					"group",
					"team",
					"members",
					"community",
					"collaborate"
				],
				"grid": 16
			},
			"attrs": [],
			"properties": {
				"id": 476,
				"order": 9,
				"prevSize": 32,
				"ligatures": "users, group",
				"name": "users",
				"code": 58889
			},
			"setIdx": 0,
			"setId": 0,
			"iconIdx": 114
		},
		{
			"icon": {
				"paths": [
					"M992.262 871.396l-242.552-206.294c-25.074-22.566-51.89-32.926-73.552-31.926 57.256-67.068 91.842-154.078 91.842-249.176 0-212.078-171.922-384-384-384-212.076 0-384 171.922-384 384s171.922 384 384 384c95.098 0 182.108-34.586 249.176-91.844-1 21.662 9.36 48.478 31.926 73.552l206.294 242.552c35.322 39.246 93.022 42.554 128.22 7.356s31.892-92.898-7.354-128.22zM384 640c-141.384 0-256-114.616-256-256s114.616-256 256-256 256 114.616 256 256-114.614 256-256 256z"
				],
				"attrs": [],
				"tags": [
					"search",
					"magnifier",
					"magnifying-glass",
					"inspect",
					"find"
				],
				"grid": 16
			},
			"attrs": [],
			"properties": {
				"id": 532,
				"order": 1,
				"prevSize": 32,
				"ligatures": "search, magnifier",
				"name": "search",
				"code": 58880
			},
			"setIdx": 0,
			"setId": 0,
			"iconIdx": 134
		},
		{
			"icon": {
				"paths": [
					"M896 256h-192v-128c0-35.2-28.8-64-64-64h-256c-35.2 0-64 28.8-64 64v128h-192c-70.4 0-128 57.6-128 128v512c0 70.4 57.6 128 128 128h768c70.4 0 128-57.6 128-128v-512c0-70.4-57.6-128-128-128zM384 128h256v128h-256v-128zM768 704h-192v192h-128v-192h-192v-128h192v-192h128v192h192v128z"
				],
				"attrs": [],
				"tags": [
					"aid-kit",
					"health",
					"medicine",
					"medical"
				],
				"grid": 16
			},
			"attrs": [],
			"properties": {
				"order": 12,
				"id": 1796,
				"prevSize": 32,
				"ligatures": "aid-kit, health",
				"name": "aid-kit",
				"code": 58891
			},
			"setIdx": 0,
			"setId": 0,
			"iconIdx": 152
		},
		{
			"icon": {
				"paths": [
					"M384 64h640v128h-640v-128zM384 448h640v128h-640v-128zM384 832h640v128h-640v-128zM0 128c0-70.692 57.308-128 128-128s128 57.308 128 128c0 70.692-57.308 128-128 128s-128-57.308-128-128zM0 512c0-70.692 57.308-128 128-128s128 57.308 128 128c0 70.692-57.308 128-128 128s-128-57.308-128-128zM0 896c0-70.692 57.308-128 128-128s128 57.308 128 128c0 70.692-57.308 128-128 128s-128-57.308-128-128z"
				],
				"attrs": [],
				"tags": [
					"list",
					"todo",
					"bullet",
					"menu",
					"options"
				],
				"grid": 16
			},
			"attrs": [],
			"properties": {
				"id": 756,
				"order": 2,
				"prevSize": 32,
				"ligatures": "list2, todo2",
				"name": "list2",
				"code": 58881
			},
			"setIdx": 0,
			"setId": 0,
			"iconIdx": 187
		},
		{
			"icon": {
				"paths": [
					"M512 192c-223.318 0-416.882 130.042-512 320 95.118 189.958 288.682 320 512 320 223.312 0 416.876-130.042 512-320-95.116-189.958-288.688-320-512-320zM764.45 361.704c60.162 38.374 111.142 89.774 149.434 150.296-38.292 60.522-89.274 111.922-149.436 150.296-75.594 48.218-162.89 73.704-252.448 73.704-89.56 0-176.858-25.486-252.452-73.704-60.158-38.372-111.138-89.772-149.432-150.296 38.292-60.524 89.274-111.924 149.434-150.296 3.918-2.5 7.876-4.922 11.86-7.3-9.96 27.328-15.41 56.822-15.41 87.596 0 141.382 114.616 256 256 256 141.382 0 256-114.618 256-256 0-30.774-5.452-60.268-15.408-87.598 3.978 2.378 7.938 4.802 11.858 7.302v0zM512 416c0 53.020-42.98 96-96 96s-96-42.98-96-96 42.98-96 96-96 96 42.982 96 96z"
				],
				"attrs": [],
				"tags": [
					"eye",
					"views",
					"vision",
					"visit"
				],
				"grid": 16
			},
			"attrs": [],
			"properties": {
				"id": 823,
				"order": 16,
				"prevSize": 32,
				"ligatures": "eye, views",
				"name": "eye",
				"code": 58890
			},
			"setIdx": 0,
			"setId": 0,
			"iconIdx": 206
		},
		{
			"icon": {
				"paths": [
					"M397.434 917.696l-397.868-391.6 197.378-194.27 200.49 197.332 429.62-422.852 197.378 194.27-626.998 617.12zM107.912 526.096l289.524 284.962 518.656-510.482-89.036-87.632-429.62 422.852-200.49-197.334-89.034 87.634z"
				],
				"attrs": [],
				"tags": [
					"checkmark",
					"tick",
					"correct",
					"accept",
					"ok"
				],
				"grid": 16
			},
			"attrs": [],
			"properties": {
				"id": 981,
				"order": 13,
				"prevSize": 32,
				"ligatures": "checkmark2, tick2",
				"name": "checkmark2",
				"code": 58892
			},
			"setIdx": 0,
			"setId": 0,
			"iconIdx": 273
		},
		{
			"icon": {
				"paths": [
					"M877.254 621.254l-320 320c-24.992 24.994-65.514 24.994-90.508 0l-320-320c-24.994-24.994-24.994-65.516 0-90.51 24.994-24.996 65.516-24.996 90.51 0l210.744 210.746v-613.49c0-35.346 28.654-64 64-64s64 28.654 64 64v613.49l210.746-210.746c12.496-12.496 28.876-18.744 45.254-18.744s32.758 6.248 45.254 18.746c24.994 24.994 24.994 65.514 0 90.508z"
				],
				"attrs": [],
				"tags": [
					"arrow-down",
					"down",
					"download",
					"bottom"
				],
				"grid": 16
			},
			"attrs": [],
			"properties": {
				"order": 14,
				"id": 1595,
				"prevSize": 32,
				"ligatures": "arrow-down2, down2",
				"name": "arrow-down2",
				"code": 58893
			},
			"setIdx": 0,
			"setId": 0,
			"iconIdx": 318
		},
		{
			"icon": {
				"paths": [
					"M0 512c0 282.77 229.23 512 512 512s512-229.23 512-512-229.23-512-512-512-512 229.23-512 512zM928 512c0 229.75-186.25 416-416 416s-416-186.25-416-416 186.25-416 416-416 416 186.25 416 416z",
					"M706.744 669.256l90.512-90.512-285.256-285.254-285.254 285.256 90.508 90.508 194.746-194.744z"
				],
				"attrs": [],
				"tags": [
					"circle-up",
					"up",
					"circle-top",
					"arrow"
				],
				"grid": 16
			},
			"attrs": [],
			"properties": {
				"order": 7,
				"id": 1393,
				"prevSize": 32,
				"ligatures": "circle-up, up3",
				"name": "circle-up",
				"code": 58886
			},
			"setIdx": 0,
			"setId": 0,
			"iconIdx": 321
		},
		{
			"icon": {
				"paths": [
					"M512 0c-282.77 0-512 229.23-512 512s229.23 512 512 512 512-229.23 512-512-229.23-512-512-512zM256 256h512c9.138 0 18.004 1.962 26.144 5.662l-282.144 329.168-282.144-329.17c8.14-3.696 17.006-5.66 26.144-5.66zM192 704v-384c0-1.34 0.056-2.672 0.14-4l187.664 218.942-185.598 185.598c-1.444-5.336-2.206-10.886-2.206-16.54zM768 768h-512c-5.654 0-11.202-0.762-16.54-2.208l182.118-182.118 90.422 105.498 90.424-105.494 182.116 182.12c-5.34 1.44-10.886 2.202-16.54 2.202zM832 704c0 5.654-0.762 11.2-2.206 16.54l-185.6-185.598 187.666-218.942c0.084 1.328 0.14 2.66 0.14 4v384z"
				],
				"attrs": [],
				"tags": [
					"mail",
					"contact",
					"support",
					"newsletter",
					"letter",
					"email",
					"envelop",
					"social"
				],
				"grid": 16
			},
			"attrs": [],
			"properties": {
				"id": 1290,
				"order": 15,
				"prevSize": 32,
				"ligatures": "mail5, contact5",
				"name": "mail4",
				"code": 58894
			},
			"setIdx": 0,
			"setId": 0,
			"iconIdx": 390
		}
	],
	"height": 1024,
	"metadata": {
		"name": "icomoon"
	},
	"preferences": {
		"showGlyphs": true,
		"showQuickUse": true,
		"showQuickUse2": true,
		"showSVGs": true,
		"fontPref": {
			"prefix": "icon-",
			"metadata": {
				"fontFamily": "icomoon"
			},
			"metrics": {
				"emSize": 1024,
				"baseline": 6.25,
				"whitespace": 50
			},
			"embed": false
		},
		"imagePref": {
			"prefix": "icon-",
			"png": true,
			"useClassSelector": true,
			"color": 4473924,
			"bgColor": 16777215,
			"classSelector": ".icon"
		},
		"historySize": 100,
		"showCodes": false
	}
}